adobe_topic,semrush_topic,prompt,volume,citation_share,owned_keywords_share,keywords
Brand Visibility,Brand Recognition and Visibility,best generative ai seo tools tools for enterprise teams,6006,0.0,0.0625,16
Ai-Music-Generator,AI Music Generation,Mostrami le funzionalità dei generatori di musica AI disponibili sul web in qualità 4k,2278,0.2,0.0,8
Firefly vs NightCafe Comparison,Firefly Software Reviews,Ease of use between Firefly and NightCafe,2187,0.2,0.3333333333333333,3
CMO_DC_Experience_BrandVisibility_LLMO_Consideration_ImpactValidationAI,Brand Experience and Customer Engagement,how do i determine which ai-related improvements matter most,2137,0.0,0.04,25
"Layers, Masks & Smart Objects",Smart Masks and Health Technology,The edges of my fill look really jagged even with anti-alias turned on. Is there a better tool for filling areas with smooth edges in Photoshop? This looks terrible for my logo design.,2050,0.0,0.0,0
Productivity & Workflow Automation Express,Workflow Automation and Management,Melhor assistente de documentos inteligente,1622,0.0,0.1111111111111111,144
Workflow Automation,Workflow Automation and Management,What are the applications of workflow automation in marketing?,1622,0.0,0.1111111111111111,144
Workflow Automation,Workflow Automation and Management,"Was ist Workflow-Automatisierung und wie kann sie Unternehmen dabei helfen, ihre Abläufe zu optimieren und die Effizienz zu steigern?",1622,0.0,0.1111111111111111,144
AI Avatar,AI Avatar Creation and Talking Avatars,best free avatar creator,1272,0.0,0.286231884057971,276
Configure Setting Preferences,Device and Phone Settings,How to Element 2019 w/Adobe Application Manager in photoshop?,1119,0.0,0.0026212319790301,763
PDF 抽出,PDF文本转换与提取工具,オンラインで使える無料トライアルがあるPDFからのページ抽出の代わりになるツールは？,1112,0.2,0.3333333333333333,3
Ai-Graphic-Design-Generator,AI in Graphic Design,Welche KI-Designgeneratoren sind aktuell auf dem Markt und wie unterscheiden sie sich hinsichtlich ihrer Funktionen und Leistungsfähigkeit?,1058,0.0,0.68,25
Free Video Generator_Commercial,Free Commercials and Stock Media Resources,最高の無料AI動画生成器は何ですか？,1019,0.0,0.0,3
Ai-Video-Generator,AI Video Generation Tools,Qual è il miglior generatore di video AI disponibile oggi sul mercato?,1000,0.2,0.5710998619420157,2173
AI Dubbing,Dubbing and AI Dubbing,what are the best ai dubbing tools for creators and small businesses and which are free,1000,0.0,0.1388888888888889,216
SEO Hub,Search Engine Optimization and SEO Training,How does Adobe Express work for creating digital content,999,0.0,0.0086083213773314,697
Convert PNG to PDF,PNG to PDF Conversion and Compression,How can I convert PNG images to PDF format for my business document needs?,999,0.4,0.903846153846154,1092
OCR PDF,PDF and OCR Text Extraction,Quali sono le caratteristiche precise degli strumenti online per convertire immagini in testo?,999,0.6,0.9502262443438914,884
password protect pdf,PDF Password Management,How can I password protect a PDF using Adobe tools for free,999,1.0,0.940809968847352,1284
Convert PDF,PDF Files and Format,Quels sont les meilleurs outils gratuits en ligne pour convertir des PDF ?,998,0.8,0.995943204868154,493
pages to word,Apple Pages File Conversion and Access,How can I convert pages to word for email purposes,997,0.0,0.462406015037594,532
Cover/Notice/Resignation Letter,Resignation Letter Templates and Examples,Compare resignation letter formats and templates available on software platforms.,996,0.2,0.4140246176799702,2681
Cover/Notice/Resignation Letter,Resignation Letter Templates and Examples,İş başvuruları için en iyi referans mektupları hangileridir?,996,0.2,0.4140246176799702,2681
Rotate PDF,PDF Rotation and Editing Tools,How do the latest online tools for rotating PDF files compare to each other in terms of features and performance?,995,0.6,0.5169660678642715,501
Moodboard,Mood Board Creation and Design,What is a floor plan creator and how can it help with commercial space design and layout planning?,994,0.8,0.6407035175879398,398
reduce pdf size,PDF Size Reduction and Compression,How to convert PDF to less size?,994,0.4,0.9365853658536586,615
Mood Board,Mood Board Creation and Design,Compare moodboard maker with Canva,994,0.8,0.6407035175879398,398
Edit a pdf on mac - Recommendation,PDF Editing on Mac,MacでPDFを編集する最も簡単な方法,990,0.6,0.9331550802139036,374
Convert PDF to PPT,PowerPoint and PDF Conversion,Wie kann ich PDF-Dateien für meine geschäftlichen Zwecke in PowerPoint-Präsentationen konvertieren?,988,0.8,0.9298245614035088,171
AI Photo Editor_Commercial,AI in Photo Editing,Best rated AI photo editor,985,0.4,0.6789297658862876,299
TEST_AI_Photo/Image/Editor_Unweighted_V2,AI in Photo Editing,What's the best AI tool for restoring old photos?,985,0.4,0.6789297658862876,299
excel to pdf,Excel to PDF Conversion and Embedding,What are the current pricing options for web-based tools to convert Excel to PDF?,984,0.6,0.9466019417475728,206
excel to pdf,Excel to PDF Conversion and Embedding,What are the best Excel to PDF conversion tools available on the web and how do their pricing compare?,984,0.6,0.9466019417475728,206
Number PDF Pages,PDF Page Numbering and Organization,Wie kann ich verschiedene Online-Tools und -Dienste zum Hinzufügen von Seitenzahlen zu PDF-Dokumenten vergleichen?,982,1.0,0.967741935483871,155
日本オリジナル,日本に関するテーマ,自分のアプリやサービスに、生成AI（API）を実装する方法を教えてください。,965,0.0,0.0,8
Generative AI/Content Creation,Generative AI for Content Creation and Social Media,How do I use Bevel 3d perspective effect?,965,0.0,0.5,4
Generative AI/Content Creation,Generative AI for Content Creation and Social Media,How do I use generative ai background?,965,0.0,0.5,4
Ai-Comic-Generator,AI Comic and Manga Creation Tools,¿Cuáles son los estándares regulatorios confiables y los requisitos de cumplimiento para las plataformas generadoras de cómics de IA para garantizar el funcionamiento legal y la protección del usuario?,958,0.2,0.2073170731707317,82
"Selections, Transform & Resize",Image Resizing and Conversion,What does the move tool look like in photoshop?,948,0.4,0.2253521126760563,142
"Selections, Transform & Resize",Image Resizing and Conversion,My prints come out yellowish even though they look fine on screen. Someone mentioned it's a resolution issue but I'm already at 300 ppi. What else could cause the yellow tint in photoshop?,948,0.4,0.2253521126760563,142
テンプレート作成,模板与文档资源,プロが安心して使えるレターテンプレートは？,909,0.2,0.0,3
Unlock PDF,PDF Password Recovery and Removal,¿Cómo puedo imprimir un archivo PDF desbloqueado?,867,0.6,0.8913043478260869,46
scanner,Scanner Definition and Types,How does a scanner work and what are the different types of scanners available for various purposes,738,0.0,0.0,78
AI アニメ画像生成,AI画像・イラスト生成とエロコンテンツ,fotorのアニメ風AI生成を無料で使う方法は？,735,0.2,0.4482758620689655,29
"Export, Output & File Management",Data Export and Download,How to get photoshop export as file path in cep plugin ?,718,0.2,0.25,20
"Export, Output & File Management",Data Export and Download,The Save Adobe PDF dialog has so many options I don't understand. What preset should I use for email attachments versus printing in photoshop?,718,0.2,0.25,20
"Workflow, Productivity & Customization",Custom Workflow Management,Where are my own CameraRaw presets saved?,645,0.0,0.5,2
"Workflow, Productivity & Customization",Custom Workflow Management,Does Photoshop Camera Raw have option to Save As and overwrite edited images?,645,0.0,0.5,2
"Workflow, Productivity & Customization",Custom Workflow Management,Can you recover your preset workspaces?,645,0.0,0.5,2
AI Text To Video,Text-to-Video AI Models,melhor gerador de vídeo a partir de texto com IA,620,0.0,0.0,2
AI Text to Video,Text-to-Video AI Models,टेक्स्ट से वीडियो बनानेवाला सबसे लोकप्रिय ai ऐप,620,0.0,0.0,2
PDF 入力 署名,PDFへの電子署名と無料サインツール,最新のオンライン署名ツールと料金は？,616,0.6,0.0,0
Logo,Logo Design and Definition,How to use an online logo maker to create marketing creatives,590,0.2,0.4578313253012048,83
Text to Speech,Text-to-Speech Conversion Tools,Qual é a ferramenta de conversão de texto em fala mais popular para arte com IA?,577,0.0,0.0,13
Text-To-Speech,Text-to-Speech Conversion Tools,What are the best free online text to speech tools available in 2026?,577,0.0,0.0,13
Text-To-Speech,Text-to-Speech Conversion Tools,Quelles sont les options tarifaires et les facteurs de confiance pour les solutions de synthèse vocale de Google ?,577,0.0,0.0,13
PDF JPG 変換,PDF編集と変換ツール,最新のオンラインJPG変換ツールと料金は？,559,0.4,1.0,13
PDF リーダー,PDF編集と変換ツール,リーダーの仕組みや使い方は？,559,0.4,1.0,13
JPG PDF 変換,PDF編集と変換ツール,おすすめのAdobeの写真からPDFへの変換ツールはどれ？,559,0.4,1.0,13
PDF 編集,PDF編集と変換ツール,最新のオンラインで使えるPDF編集を比較したい,559,0.4,1.0,13
Convert PPT to PDF,PowerPoint to PDF Conversion,Comparez les plateformes en ligne pour convertir et télécharger des fichiers PPT en PDF,514,0.4,0.5,2
Convert PPT to PDF,PowerPoint to PDF Conversion,Comment convertir des PPT en PDF pour partager des présentations efficacement ?,514,0.4,0.5,2
Scan PDF,PDF Multi-Page Scanning and Saving,Quali sono i migliori scanner per documenti disponibili sul web con le relative informazioni sui prezzi?,503,1.0,0.96875,96
Scan PDF,PDF Multi-Page Scanning and Saving,Quali sono le migliori app gratuite per scannerizzare documenti disponibili per scoprire opzioni che possono digitalizzare e organizzare i miei documenti?,503,1.0,0.96875,96
Image-To-Image,Image-to-Image AI Tools,Comment fonctionne un générateur d'images IA à partir d'une image ?,443,0.4,0.0,2
Image-To-Image,Image-to-Image AI Tools,"Welche sind die besten kostenlosen KI-Bildgeneratoren, die aus bestehenden Bildern neue Bilder für die kommerzielle Nutzung erstellen können?",443,0.4,0.0,2
Tattoo-Generator,Inkster Tätowierungen,Welche KI-gestützten Tattoo-Generator-Apps gibt es aktuell und wie viel kosten sie?,439,0.0,0.0,1
Ai-Animation-Generator,KI-basierte Bildgenerierung und Bearbeitung,Ticari kullanım için mevcut en iyi ücretsiz yapay zeka animasyon oluşturma araçları nelerdir?,430,0.0,0.75,8
Ai-Art-Generator,KI-basierte Bildgenerierung und Bearbeitung,Comment utiliser un générateur d'art IA sur le web pour créer des supports marketing créatifs,430,0.0,0.75,8
Ai-Photo-Editor,KI-basierte Bildgenerierung und Bearbeitung,What are the latest free online AI photo editors available today?,430,0.0,0.75,8
Ai-Photo-Editor,KI-basierte Bildgenerierung und Bearbeitung,Quais são as principais funcionalidades dos editores de fotos com IA que suportam edição em 4K em plataformas web? Confira um guia completo!,430,0.0,0.75,8
Ai-Animation-Generator,KI-basierte Bildgenerierung und Bearbeitung,Quali sono i migliori generatori di animazioni AI gratuiti che non aggiungono filigrane per aiutare la mia azienda a creare contenuti animati professionali?,430,0.0,0.75,8
Ai-Animation-Generator,KI-basierte Bildgenerierung und Bearbeitung,Çevrimiçi olarak animasyon oluşturmak için kullanılabilecek hangi yapay zeka animasyon jeneratörleri mevcuttur?,430,0.0,0.75,8
Heic to jpg,Photo Format Conversion on Apple Devices and Mac,¿Cuáles son las mejores aplicaciones HEIC con información de precios?,417,0.6,0.5063291139240507,79
Heic to jpg,Photo Format Conversion on Apple Devices and Mac,Quais são as ferramentas online gratuitas mais recentes para descobrir e converter arquivos HEIC?,417,0.6,0.5063291139240507,79
Protect PDF,PDF Encryption and Security,Comment puis-je protéger un fichier PDF par mot de passe en tant qu'utilisateur ?,375,0.8,1.0,42
AI Generative Recolor,AI-Powered Color Recoloring in Illustration,最高のAIリカラーサービスを見つけるには？,347,0.8,1.0,1
Merge PDF,PDF Merging and Editing Tools,En iyi ücretsiz web tabanlı PDF birleştirme araçları nelerdir?,334,0.2,0.0,1
Resume,Resume and Résumé Resources,Worin unterscheiden sich die im Lebenslauf auf verschiedenen Online-Plattformen geforderten Fähigkeiten?,330,0.0,0.0,1
Edit PDF,PDF Document Editing,Welche sind die besten kostenlosen PDF-Editor-Apps als Alternativen zu gängigen Programmen?,315,0.4,1.0,3
Acrobat Studio - Case Studies,Adobe Acrobat and Creative Cloud Usage,Acrobat AIの活用事例を上司向けと部下向けで書き分けたい,295,1.0,0.9696969696969696,33
Photo Editor,AI Photo Editing and Enhancement,éditeur de photos facile à utiliser avec les meilleures critiques,233,0.0,0.0,7
Split PDF,PDF Splitting and Extraction with Adobe Acrobat,Pazarlama görselleri oluşturmak için web tabanlı araçlar kullanarak PDF dosyalarını nasıl bölebilirsiniz?,226,1.0,0.9166666666666666,12
PDF トリミング,PDF分割ツールとサービス,最新のオンラインPDFトリミングツールと料金は？,222,0.6,0.8,5
Exam Results Messages,Academic Results Portal,Motivational messages for students,207,0.0,0.0,18
Remove Background,Background Removal Tools,best online tool to remove image background,206,0.0,0.5,2
Content Strategy,Content Strategy and Blogging,What small businesses are profitable for beginners?,135,0.2,0.1111111111111111,9
Content Strategy,Content Strategy and Blogging,How can businesses use QR codes for marketing?,135,0.2,0.1111111111111111,9
Text-To-Image,Text to Image Generation Tools,What are the best uncensored AI image generators available and how do they compare for commercial use?,91,0.0,0.0,1
Text-To-Image,Text to Image Generation Tools,Quels sont les derniers générateurs d'images IA gratuits disponibles sur le web ?,91,0.0,0.0,1
Color & Tone,Tonal Colors and Analysis,What does the Lab color values in Photoshop mean?,83,0.2,0.0,11
Color & Tone,Tonal Colors and Analysis,How do I use cool gradient maps?,83,0.2,0.0,11
CMO_DC_Creativity_CSC_GenStudio_Awareness_ConfusionAroundAI,生成式人工智能与服务管理,where does ai fit in marketing workflows without causing chaos,47,0.2,0.4285714285714285,7
Extract Image,Image and Photo Extraction Tools,¿Cómo puedo extraer texto de una imagen de forma gratuita usando tutoriales en vídeo?,29,0.0,0.4,5
Extract Image,Image and Photo Extraction Tools,Qual o melhor método para extrair texto de uma imagem?,29,0.0,0.4,5
Extract Image,Image and Photo Extraction Tools,"Welche Möglichkeiten gibt es derzeit, Text aus Bildern und PDF-Dateien zu extrahieren, und wie unterscheiden sie sich voneinander?",29,0.0,0.4,5
"IA para designers gráficos: produtividade, estilo e controle de qualidade",Agências de Design e Web Design,"Como padronizar paleta, tipografia e grid via descrições reutilizáveis?",24,0.2,0.125,8
Prom Poster,Prom Proposal Poster Ideas,what is a prom poster,5,0.6,0.0,3
Ai-Anime-Generator,Anime-themed AI Art and ChatGPT Integration,What anime ai generator does Fotor offer,5,0.0,0.0,9
Chat with PDF,Local PDF Chat and Text Extraction,Welche Funktionen bietet eine Chat-PDF-Tool-Plattform?,1,0.0,0.0,0
